<?xml version='1.0' encoding='UTF-8'?>
<!DOCTYPE hibernate-configuration PUBLIC
          "-//Hibernate/Hibernate Configuration DTD 3.0//EN"
          "http://hibernate.sourceforge.net/hibernate-configuration-3.0.dtd">	

<hibernate-configuration>
<session-factory>
<!-- <property name="connection.driver_class">oracle.jdbc.driver.OracleDriver</property>
<property name="connection.url">jdbc:oracle:thin:@localhost:1521:XE</property>
<property name="connection.username">system</property>
<property name="connection.password">admin</property>

<property name="dialect">org.hibernate.dialect.OracleDialect</property>
<property name="show_sql">true</property>
<property name="hbm2ddl.auto">update</property> -->

<property name="hibernate.connection.driver_class">com.mysql.jdbc.Driver</property>
<property name="hibernate.connection.url">jdbc:mysql://localhost:3306/HibernateProjection</property>
      <property name="hibernate.connection.username">root</property>
      <property name="hibernate.connection.password">root</property>
      <property name="hibernate.connection.pool_size">10</property>
      <property name="show_sql">true</property>
	   <property name="format_sql">true</property>
      <property name="dialect">org.hibernate.dialect.MySQL5Dialect</property>

       <property name="hibernate.hbm2ddl.auto">update</property>

<mapping resource="Product.hbm.xml"></mapping>
</session-factory>
</hibernate-configuration>